id,age,gender
NFKHIoqbNt,29,Female
yURSuqrHbG,32,Female
IvOrlIzYfz,52,Male
cyedGKnkBl,37,Male
vAwnWzAdpz,63,Male
SFVkVBNAYV,53,Male
HNQbVKqVtS,60,Male
XnMzZAZGDz,61,Male
CCjaSRuFZy,66,Male
KbnRaCwoPO,52,Male
sOJeGrKwbe,65,Female
fUAFFeYyZN,39,Male
JCOKHWhNCl,61,Female
uFcmGgDnWx,48,Female
GfQgzNkQHE,58,Female
RiBAkZqeyg,21,Male
ANnpaBqoKb,25,Male
osejBtJLAB,69,Female
EDCeUWZAJH,53,Male
DKPYCgMoYm,40,Male
gNdNMWRVVK,69,Male
BPZdpnMrQX,68,Male
DJHvUTkzOX,66,Female
qVBxYOXntk,56,Male
WxccJpAylz,25,Female
QQPIKxwzVJ,49,Female
DwekpsiydK,30,Female
kLllsfyBzV,38,Female
gmVWRqBoQV,30,Female
zYdOAwtytX,48,Male
SRIctANnOU,53,Male
EiaSNgqfWG,31,Female
leRJogPPnD,61,Male
IuktMfbJnc,58,Female
klfhtuUdnG,41,Male
tQEElXPRrD,62,Male
YESMrTuLio,30,Male
aRdOKnlBvg,35,Female
xplsWnyETU,29,Male
qyCjOyGFVC,29,Male
cwpKFRUvkr,43,Male
VWAZXcxOwE,32,Male
GqfQcmUGER,37,Male
HugrCcAxzg,46,Male
qkHdeeladT,21,Female
bkanszCcL,68,Female
VjiPScBFGF,56,Female
MpwIsPXoSC,60,Male
ZBBCMZtnxU,52,Male
EfjymfRMbO,46,Female
GPVxlTgFZg,57,Male
KbUQFLqqFj,50,Female
PcgWjDADaz,60,Female
DqAbgayQaH,43,Male
GKVUSaRkrA,68,Male
cMOknwOyzu,63,Female
fMbZlEGloj,31,Male
kFdPLjiokX,18,Female
eeisrwgClH,23,Female
sazpsvTcHe,57,Male
vLPMuPwesn,40,Male
gCXaKCzHgQ,56,Male
kNflXMaRCt,69,Male
GTSqfBzCft,41,Female
ayEzTOeqlf,22,Male
CRNlPblBMx,33,Male
rvbTpoDiTG,67,Female
UUXpmppfzo,68,Male
WSdMzvPJEp,41,Female
HYvKBZhHtl,32,Female
HzfbyeIhdX,19,Female
ewpFeeyUAI,25,Female
ppdbEHpImH,66,Male
IQlbyHMuJm,42,Male
PJacssMYLF,66,Female
sAMKobgXOs,33,Male
WGBmXsYiOj,19,Female
eHvpkmFarn,57,Female
ZIIBodTyZY,54,Male
StyaQWIxhf,65,Male
bQTArhpSSa,49,Female
oYNcznnOgJ,50,Female
aMtpbeWdkc,22,Male
hGMexblmwH,29,Female
WkzIMOgJkS,51,Male
AwzYubLqXX,50,Male
UeuReFqmqD,44,Male
FuBhJGmXwd,42,Male
Ynvvkgthxn,49,Female
YYDzPMCwaj,65,Female
OMwCRfaoHD,67,Female
IbTrJUaZuS,29,Female
gKEWhIgzeS,28,Female
NVsOXrSKam,39,Male
aNGoLSaKjJ,57,Female
WbnHoIFCmD,55,Female
ZZfNnZytXW,39,Male
wOAlyANdZh,34,Female
sPogoJYZEX,60,Male
IVyaRiYjnT,32,Male
kKWOMygLJv,23,Male
aIAqzmDCXE,21,Female
XKcjorfNRw,51,Male
HwQqxNPTQK,24,Female
MlWUJdevSL,63,Female
bkaCprmYrV,60,Female
UDucbUSZmf,45,Female
QfCQVnESPU,49,Male
zjKDESgBgP,61,Male
NPeDljvYMx,42,Female
LLMgZcbVPB,37,Female
AASxnSdfla,48,Male
QOyKySZsjs,21,Male
sscGOWmTcr,59,Female
lCJsWrEQOo,49,Female
izSmTsWlnn,47,Female
LOaWMxZFCg,20,Female
DTuGRpTYSK,60,Female
pjjlDwunYH,42,Female
XtBzsiKfOs,25,Female
pRumlkWpLO,18,Male
vQSvXOABhG,45,Female
friQLpxJvN,38,Male
UsFoBbrsvZ,34,Male
ZuLaiYuunH,54,Male
TWTZnhNORc,23,Male
HmXwlwGPuT,42,Male
YGYcLsXFRt,51,Male
YRQKqwqabJ,42,Female
TsdtSZAAjD,28,Female
KbxhvMwzfe,66,Female
qTJQBeleRR,31,Female
ZcLldUECdN,49,Female
ZVMnbpzHXK,69,Female
sQGOjnDvvt,49,Male
hTYedXuVwS,27,Male
OtFfOxcGMu,21,Female
xnTULXdbpd,60,Female
OFvNEylNLu,32,Female
nFeAuUzDCe,63,Female
UGDojtMoWq,68,Female
qYPljWyHVg,63,Male
oCMLouzjOm,25,Female
WzfOBUyuKl,24,Female
ZHSjLEHfDc,21,Female
qtfZpgkkow,18,Male
NtbwWxPCpd,47,Male
HAfyJgJWGA,54,Male
GZoAMDsevu,39,Female
mNvPMQdHNv,52,Female
cgibJqKipZ,21,Female
cnJoUiEYVM,43,Male
RnckHGrMqL,65,Male
YeTLsGkHWx,31,Female
YUPUKSAIMO,34,Female
YtvkGlMWwe,54,Female
NJqmUyFOdx,33,Male
qxnDBaTRqt,40,Male
buwNyRhUpz,26,Female
aYtLXfzBOE,69,Female
UBBptmhiXi,56,Female
aVMRYpWAbV,58,Male
RVqdDcQCth,38,Female
FGybsTmlCa,25,Female
BiNYEqkmfd,34,Male
TQzbSOuJSc,21,Female
ZxDgrIqzha,32,Female
zgHOvuGdmZ,60,Male
QGbYfjEEUN,50,Female
bFmbnJnppt,24,Female
SsxfAtMPUp,32,Female
HWtrxWlsRj,45,Female
qfTcXuzMwC,33,Female
FgfTesnjYL,42,Female
uXZrufHOmE,65,Female
VLTcsprApa,65,Male
TyWCGdMdAM,20,Male
gnGIUNfJqV,49,Female
ndiLZkxcOB,30,Female
tonLBGQuSV,18,Female
JvMaGtoVsW,69,Female
rVDjYOUCiZ,59,Female
WhCdBCpDlt,20,Male
ipXQWkpeZu,61,Female
lrfyjRJVDe,48,Female
WLQOzjWYfb,52,Male
QGuIwVoSdD,60,Female
qkqRyNFZwl,58,Female
hIVnCXHYRu,48,Male
VaPxXuuWtZ,44,Male
dgNSPaSfTE,59,Male
IqWgKhGyju,40,Male
MgqQtXBeFP,53,Female
BACHlCiCAb,27,Female
hjUBijNMcB,66,Male
JqcGbIMhFn,57,Female
vFZowziPWD,19,Female
wTBCLBAKSO,47,Male
YKlPrpQthI,30,Male
hxEJezKbVe,55,Female
RYePfXAeXq,69,Female
qcskJLpqeJ,46,Male
RommLgqVgK,67,Female
lLzPcXlvZa,19,Male
DYponYOtdu,52,Female
tCEjDGYMpP,35,Male
jxCkQxbZYq,52,Male
tdquKTjSND,69,Male
MmIxVLmHhY,37,Male
zLbZKTJNoS,69,Female
ktUwmfepNJ,47,Female
KcOffvromc,52,Female
gGNvtMVsZF,18,Female
sGfhgdtkVR,58,Male
uXsQsnpPzM,31,Female
byiPUgprau,23,Female
UhEPUfBRmg,55,Male
LVjvnofexE,42,Male
xyMDNoyanA,20,Male
wzNphlhEzM,46,Male
yKFQNXyPic,59,Female
WDodcoiLyV,63,Male
JDLRYykUvZ,67,Male
jTJlZyVkFP,59,Male
frZikyfXNP,49,Male
tJVBJkAsIk,54,Male
vWVSNYxdLR,30,Female
ruNGTTGsry,22,Female
QAINcQAElG,53,Female
LpJzZrzCrS,64,Male
yjDawEVIph,32,Male
neJCYZVDLo,38,Female
NkMsjHibBf,39,Male
yNvBZLSwky,69,Male
sAxjHTzZxX,20,Female
vybkprKTvN,65,Female
eZKTVgnWxe,65,Female
XmyGROxnSY,55,Female
YagmkwZKJE,63,Male
DJbXtdBIln,62,Female
rjLtlefVRU,27,Female
UMzahSeHAN,43,Female
lsneLOyaWq,35,Male
xpeSzjfzvc,61,Female
LuwPfazSuK,26,Male
WVHwlmNkLa,56,Male
pRVQmupfbd,31,Female
TOuEAjDKAx,69,Female
ApDvhzOUJr,55,Male
svuCPzHHDw,26,Male
aTGHRQlzWn,57,Female
iqgEhaVoXu,49,Female
RiIzqSwCTc,45,Male
SBvPNdHvkD,65,Male
CScWfctHnj,62,Male
NHDTQUpmZl,30,Female
pUGyOhdpWf,43,Male
bQdsaYgNLX,54,Female
SfYYdhfojI,25,Male
AaJProAtlR,21,Male
naVptxZAGL,44,Male
riFCrfggWQ,34,Male
SYqEzGJYTQ,65,Male
HjAIMyVzrh,56,Female
XstqtfmwLR,45,Female
gvsutalzBt,68,Male
GmgFVkcBZD,29,Male
bMEhEdHvEx,49,Female
eFcLLNOkXl,21,Female
RMiAgtyKvN,36,Female
ytrjMrxzlO,65,Female
ecejgKNjoL,55,Male
WkYMqONJIk,42,Male
tJJxMfkxYb,65,Female
hbEKRhQncc,18,Male
xYCPtUqRwb,49,Male
fEkXlLpsEx,48,Male
zIxnsQiuyY,44,Male
XIMdjewycb,67,Female
ZjWSSiDtdL,31,Female
hApMdEppaa,18,Female
MkJdKpHqVq,35,Male
lKzXyxgDhE,57,Male
OWDaxBbECr,65,Female
wKAFYQUzPs,43,Male
sZtcVQzuVc,41,Male
KyAZnzyoVg,48,Male
JhVHCvTQWa,19,Male
KIlSZGQiOh,34,Female
UNxAVraCBK,40,Male
hQKKOGXvLu,39,Male
OBrvsvlwmE,44,Male
pwXxvVvTag,54,Female
AtJvmmmRmW,45,Female
mVSMfLixNY,49,Male
TFuBnkwrMZ,37,Male
iOqJrYhaSI,44,Female
wsWDzKQWnF,67,Female
FOnSzgkGYP,36,Male
wVqnidxTXT,47,Male
FZwYwVYWzf,51,Female
qlmeAxeFWJ,52,Female
vvwEzIfGpP,25,Female
WLjpZNuKnx,50,Male
pjNKPqeNXC,41,Male
mWmJFGtObp,43,Male
HojSyqGASE,55,Male
pAqMCRieoH,52,Female
EfhlWiPAUL,53,Male
AMhiFaRiXH,19,Female
lejpdItlwH,36,Male
skIOopvdDk,50,Male
SHqxJNJCYS,52,Female
upWCirugqI,69,Male
TTukgLnomN,58,Female
YTzSyOzNPv,22,Female
GHLOeaybOH,26,Male
aSpAQqOnRJ,39,Male
njIblDaQxo,58,Female
asTXooIIOV,50,Female
BWACTSbnDT,20,Female
yedOtOyiOq,55,Female
XXOsfAbtCm,57,Male
mSLozkLtyf,56,Male
sNYouVlOpa,48,Male
FWxsvobejh,61,Male
KKqSymtytr,62,Male
vEQATYlCxa,34,Male
duBcEisEsj,38,Female
mVhYNnciWW,18,Male
oXDALOBqfk,20,Female
QMQuGLWNMF,67,Female
DWwcMYiSAE,68,Female
fVqkkxNHhG,34,Female
jHONfpPRYZ,25,Female
OOJalOIuJR,33,Female
qHbCFZbeqv,62,Female
lOviNTgYuS,26,Male
fxVlUDSPMc,22,Female
sBFhayyZHa,50,Male
zJBJiicWQP,19,Female
itEXCvgIqG,63,Female
eWAQvXyzsn,41,Female
dyrrCwCdEP,50,Male
DUdjnoVbNZ,43,Female
TLyOlzgZFy,34,Male
invvrEGQVb,69,Female
pXBbuWstRf,60,Female
XgRToouYOC,25,Female
lCziTEfqUQ,62,Male
MtCtlnflji,68,Female
HkWguDIfpS,53,Female
sRLqqorjkH,23,Male
DmqfqUBZnH,39,Female
LzHtHCEMmj,39,Male
pCfiQabAHL,39,Female
PcqSMaYSbu,43,Female
eFTtZrCHXc,63,Female
gzPqPFQUJ,41,Male
NDRsXwCDrr,38,Male
CsMFeQoaLM,45,Male
asoyxgYQhT,45,Male
IelBpMhHEF,45,Male
ShqzWdRqPU,27,Female
pFMqxTFqzh,52,Female
SWrVGAUaYc,43,Male
hAiLgrTSEW,57,Female
QsmkpTqIke,46,Male
AlmSecyCrd,38,Female
IwcANTpStb,23,Female
OoiUuLBDLg,31,Male
AedhWiaPqi,67,Male
bNhDNxmBoW,19,Female
pPAREryhNY,65,Male
tyCEirACrD,66,Male
QoSPkdeOcN,18,Male
ZCYZHbOtBQ,43,Male
tbQleqKEbx,51,Male
JzsJVuVzCs,69,Male
jJigJkKZUd,68,Male
fIEKotAegd,31,Female
meALpnQBFl,66,Female
bPbNEGFKQC,19,Female
sPDEWSCsKe,55,Male
ZUTGZZkcRe,60,Male
NbhVeyXgWq,37,Male
cnvqhtEuSm,30,Female
yMlzPfwvRF,55,Female
yeCoCorNtH,65,Male
vifDnMSCuh,34,Male
TpwIZgycjl,60,Male
aTYHkibWJz,45,Female
ImQkdpTdeO,64,Female
vhQQkOYkyg,69,Male
TlftmPGtpA,44,Male
tFPWYsBmKO,51,Male
GsggmfMRqV,54,Male
lBbneyUdpV,48,Female
KQfUwIVvVV,48,Female
JyGYBsSFuk,49,Female
dVEHKVyueo,24,Male
BEGhLiPIch,24,Female
KndCfBRhIJ,64,Female
yrwaiovMsf,18,Male
aKzuRMIgvK,63,Male
qIiquzKsbI,66,Male
qztazmUTYq,40,Male
vAkPBPIwhF,64,Male
CXRpRFmPNR,65,Male
DFnBUVeJwU,56,Male
tEjmXNzgIf,49,Female
tJGNHwzslg,50,Male
DhHNvWluua,59,Female
BgmwSUgmji,64,Female
CRBrRLxhvz,59,Male
nSIOCKPYeU,32,Male
AjjCWKeWXU,47,Male
HQTOutwkjU,23,Male
lwjEmkzQNj,20,Female
lynuPtHkoS,37,Male
CcQXgNmxnD,63,Female
hkKbrByhKB,24,Male
RHwQjmZACX,36,Female
tmRCipLLwy,62,Female
iAqPrFZkVP,57,Male
YPFpQtnbtY,44,Female
XASKSjEQKp,43,Male
irDykfVNyX,37,Female
zvoiMpXZyl,18,Male
FoVXqPnuHd,63,Male
wzQicuOsEE,41,Female
MQhnpLSWmh,19,Female
fIZJVXncRk,20,Male
AxyvKBckMr,33,Male
YUOLwOzwDb,61,Female
BbHMdMVjBs,68,Female
VJFFcPyvny,56,Male
zXxJyZETOR,44,Female
GjGNnFAHAd,39,Female
dBwyGrqwqo,36,Female
tLpHgGzsBC,69,Female
rGFlLwfpcW,51,Female
ZzzawbmNfk,49,Female
gPWJPuaXKL,56,Male
pIXwDvrwnG,39,Female
WgMwBmzvJI,26,Female
mlYYwQmWZT,36,Female
lMZGCsCnsS,34,Male
nykhjnYqIs,22,Male
ozVYHgNCbA,43,Female
OVOmVmrpdy,39,Male
iTISiQNqAr,58,Female
qKhUVcTwow,45,Female
oqYPyoLIda,43,Male
YosNCLWrFL,19,Male
JUHkrKtOLf,33,Male
desjNoHDj,29,Male
fnmFFTzlpW,56,Female
MyKGMoJmhB,35,Male
ReNRCDHcqZ,64,Male
bNZOUWCToK,44,Male
kHvRKmzbkc,46,Female
noMsyEpeco,30,Female
dkhpNFwiHi,47,Female
DljOEeuyWJ,41,Female
dYwshzRseD,31,Female
UBjPeHTMSJ,36,Male
xeIoKirXzF,57,Female
hrvIKPBhYK,39,Male
lILvNwZpJg,29,Female
GNraTpxZeh,21,Male
orztMoDwjO,55,Male
ogRUjCsmuE,23,Female
EjCJZeCefL,37,Female
vwAsfYMwAB,66,Female
OFfrtJzcUq,33,Female
pSwWTbHbug,49,Male
oWFozltJyI,60,Female
AjbaFCtcbJ,53,Male
HjHbCoMcrt,23,Female
YnVDmyOZKz,43,Female
SMuqSKCnZA,42,Female
DxByldiJlV,65,Male
amzyXHglBx,30,Female
IcBmDOrMRa,47,Male
dsBHAdXrrk,54,Male
TiwIWgxNDk,68,Female
PYhRrrqufn,21,Male
IJhqDwilXs,46,Male
ZrXuysitGQ,56,Female
MeTEPQRzdm,18,Female
PeusZvtMjk,29,Male
CSVicEEHdq,50,Female
NbmtdveYjH,20,Male
EXIjNExlZx,56,Female
otcUfMSjlb,45,Female
AGdRPdgtbK,69,Male
kJxMKZzRfE,37,Female
uAeSWdbQJv,67,Male
lCOqTNPCFV,32,Female
cprHaXwjPO,49,Female
AWrbWzWkYp,36,Female
sJvqRmcCAo,18,Female
sktMIFqsds,27,Female
OUrWUWrtPT,64,Female
siAtejNJZH,21,Female
bQXhpQtWNp,61,Female
OHFkbArviB,64,Male
bdvjmfSTsU,22,Male
QtXbAFQsZb,53,Male
oHHeRbFfEv,65,Male
JEJagTmVmX,58,Male
wInDWSpydA,57,Female
CGbKIWfKzS,37,Female
GtIDsRFBJR,35,Female
FmfTITFelQ,46,Male
ROuebiUUVa,20,Female
lbEQqdiMiQ,21,Male
pLeFzUJMnH,39,Male
qCmErGAHbD,49,Female
iUChnGHNvU,51,Female
ZdcogOJXCj,49,Male
lCzujKzQEH,48,Male
giGYPsFMLe,54,Female
wtLahGMgBA,64,Male
whklOxazbO,68,Female
bPeTUFClFy,59,Female
fGfyHISsfA,36,Female
WVGemlXQsX,39,Male
eEZhgiwXcE,31,Male
dIZzFczUI,58,Female
hwNaQjPFNy,39,Male
aurOBmpJWm,58,Female
BQtMZqAokF,63,Male
AsvtszbEnV,57,Female
CQEXACWfyh,28,Male
iBbmdmTWEX,58,Female
FvpAevxQRy,43,Male
tPzDNhtjKq,46,Female
qCPWbXygQa,60,Female
OEemvtDBqg,37,Male
AasVYySWrX,52,Female
yXjRpJynYk,29,Female
thYTDgQYkj,27,Female
QiNMmMRHhs,21,Female
EGEVAFOhDn,41,Male
bbULZsbSzH,36,Male
JBdasUrdZZ,69,Male
kcPWkViWeQ,33,Female
yTuipTWBjt,25,Male
QLznuiBdoY,56,Female
HpuVGDEgpb,50,Male
RertEDlxad,46,Female
kVHLmGLNEH,52,Male
QeJWGbxiIf,47,Male
eVTooFqebg,60,Male
QzfXSkNQiL,50,Female
rJAPaflfZw,20,Male
YhCoydLtxG,62,Male
XFhWegeEzL,21,Male
wIqwZGAkRq,27,Female
vaPfhlRHRO,28,Female
qabBOscpgy,43,Female
RDaOnaMCTV,65,Female
ZJRzbwjYaM,28,Male
JIyRoxZbUh,37,Female
qInBkNuqie,57,Female
yiJQHqojhy,28,Male
XXnmAmCasu,26,Male
kwklCJIDlS,27,Male
LIjXuoqhUZ,59,Male
yBJaOlsnOW,57,Male
McmTeYfIvC,56,Male
KqKCqetlbu,47,Male
JHtwryoVie,67,Female
ZBIrLOvJnR,64,Male
YXmUSbWjvq,40,Female
pRrFfpCclm,58,Female
WnhvhYvsWV,23,Female
stHoeJDHYZ,34,Female
ehjWPxoldL,34,Female
ybfXwoTOIB,42,Female
HTNQoGUbGf,53,Male
VRuawWxKPq,50,Female
gMGXGXdSes,25,Male
hueAPdgLdU,37,Male
eGwidYFuZD,36,Female
TWRFrKNwqy,28,Female
jtZLvPHdNE,64,Female
SrXVvCoUNT,27,Female
vikIMTVuec,67,Male
kncczthuUU,68,Female
rirPasZoWz,40,Female
EYhApuDvLA,23,Female
APlaUZaAhr,32,Male
pVQcoosDdg,32,Female
jcdTKCpPut,67,Male
oIbyXYpcAp,40,Male
BgBqtHgCwv,54,Female
mCndLeBGMM,35,Male
SkbPdFPpRl,69,Male
AaawEhhIRa,52,Male
rrizRADpnV,38,Male
VLDiQDZXWF,55,Male
SykhnUuOiy,63,Female
ixgtPfMtcF,55,Female
iWxtzZgTKO,54,Male
iCaZZNPjzs,59,Male
SIoXRhfTSW,23,Female
AVkNVyOMzy,27,Female
RcPCHnSiQK,65,Female
feaEGENFKe,31,Female
FanoFIBhck,39,Male
UAHdDuyIeM,29,Male
NAbSoyFhvh,67,Male
sNLmtXfmNS,69,Female
iVZgDwcEYU,30,Female
fxbDhUtQlR,67,Female
VuJqFsGITK,44,Female
XxEFcyAuUH,23,Female
MUtBQpFQRw,45,Female
JWtZEHrWsR,25,Female
FtMfdJnLrr,58,Female
PGiqQSpzov,46,Female
IDWhVKjnxW,46,Male
jMFZqtHcGd,24,Male
oWIRERNFAd,22,Male
DmeZkMpElS,30,Male
NUtIbkFRva,44,Male
MVTAtjawTk,28,Male
rRBPnMdqKx,32,Male
yofaYDcyWJ,47,Female
JGPCbfDGes,56,Male
hpZYPsRKBb,46,Female
ewHOMNOyIp,67,Female
xkThzuCDAY,36,Male
nTcayLUbsO,47,Female
YJYkzOBbqo,31,Male
avrINItACP,28,Female
okVSvsHYTv,18,Female
iZOtVYroJd,57,Male
HdAIRIgWMB,42,Female
DZrnxkCrGa,63,Female
VtfVmimlyD,58,Female
ZuYYBGYpqM,60,Male
uTDSAZTKd,60,Female
bZvWYAmjGh,50,Female
cFVmHlnmfD,33,Male
wknmZkRsIm,42,Male
qsjAsuFOgs,60,Male
kkhBvxKiOp,27,Female
zSGmxiFras,37,Male
prxHvLSySc,68,Male
HBIYQxNGSW,40,Female
XDpdMRFttS,33,Female
pbAcugnzhb,52,Female
GSjJugXCaq,32,Male
VHyEqlVDQc,50,Female
uEJURlyyEs,66,Female
FrrrxNmrzF,52,Female
wKURKPTLyw,18,Female
tnJHBXEkFA,66,Female
vOyGseCqEm,61,Male
NyxIlyEvus,45,Female
CXcwyCjINx,60,Male
UyJLCDWzzs,22,Male
WzwHpoldPp,30,Male
SZJTkHRajl,44,Male
SwTJzGoKSI,32,Male
UEFGXVqVrd,69,Male
iymcIyjaKw,37,Female
YhaWUvKAwO,19,Female
mJWGtFIzUT,56,Male
JgpavfITSP,51,Male
GZzKgIdsLS,62,Male
vfIkaweSRw,40,Male
GVwjVxGtco,43,Male
ZIWxRFoqYX,40,Female
YagnyvHJUh,52,Male
KiPnIUXYqs,49,Male
HAuViSJSst,66,Male
AhgERedHbP,43,Male
zZkqaZFAtz,57,Female
mfGbRxVwki,38,Male
RPsTwWPpbu,47,Female
rWDwpQNHgI,40,Female
wmyAJISQoE,52,Female
tbDycaGhZM,56,Male
LySPboXRJq,41,Male
EYCADfAwdo,51,Male
CRClDwftom,51,Male
utnMALLASm,28,Female
TzgNxHLklN,45,Male
GudMukUipk,38,Male
UsUqLqafHD,37,Male
yRADykVpRf,28,Female
wATbXpdAyK,37,Male
PqKvVNqmwR,56,Male
tbmSJSWtXZ,66,Male
oSbAqwiOsw,51,Male